Date,YEAR_1,Date,YEAR_2,Date,YEAR_3,Date,YEAR_4,Date,YEAR_5,Date,YEAR_6,Date,YEAR_7,Date,YEAR_8,Date,YEAR_9,Date,YEAR_10,Date,YEAR_15,Date,YEAR_20
31-01-02,3.559,31-01-02,3.938,31-01-02,4.158,31-01-02,4.463,31-01-02,4.597,31-01-02,4.72,31-01-02,4.85,31-01-02,4.935,31-01-02,4.962,31-01-02,4.974,31-01-02,5.215,31-01-02,5.24
28-02-02,3.572,28-02-02,3.931,28-02-02,4.175,28-02-02,4.465,28-02-02,4.589,28-02-02,4.742,28-02-02,4.874,28-02-02,4.979,28-02-02,5.019,28-02-02,5.048,28-02-02,5.308,28-02-02,5.357
29-03-02,3.928,29-03-02,4.358,29-03-02,4.619,29-03-02,4.858,29-03-02,4.964,29-03-02,5.088,29-03-02,5.21,29-03-02,5.286,29-03-02,5.319,29-03-02,5.332,29-03-02,5.574,29-03-02,5.619
30-04-02,3.731,30-04-02,4.114,30-04-02,4.381,30-04-02,4.635,30-04-02,4.776,30-04-02,4.919,30-04-02,5.055,30-04-02,5.143,30-04-02,5.188,30-04-02,5.216,30-04-02,5.497,30-04-02,5.543
31-05-02,3.953,31-05-02,4.3,31-05-02,4.511,31-05-02,4.729,31-05-02,4.868,31-05-02,4.988,31-05-02,5.11,31-05-02,5.192,31-05-02,5.22,31-05-02,5.259,31-05-02,5.511,31-05-02,5.553
28-06-02,3.696,28-06-02,3.984,28-06-02,4.174,28-06-02,4.411,28-06-02,4.573,28-06-02,4.713,28-06-02,4.864,28-06-02,4.961,28-06-02,4.996,28-06-02,5.046,28-06-02,5.304,28-06-02,5.326
31-07-02,3.435,31-07-02,3.642,31-07-02,3.862,31-07-02,4.125,31-07-02,4.298,31-07-02,4.457,31-07-02,4.621,31-07-02,4.736,31-07-02,4.799,31-07-02,4.843,31-07-02,5.176,31-07-02,5.226
30-08-02,3.36,30-08-02,3.518,30-08-02,3.731,30-08-02,3.922,30-08-02,4.084,30-08-02,4.249,30-08-02,4.428,30-08-02,4.551,30-08-02,4.62,30-08-02,4.661,30-08-02,4.979,30-08-02,5.044
30-09-02,3.049,30-09-02,3.074,30-09-02,3.298,30-09-02,3.494,30-09-02,3.65,30-09-02,3.868,30-09-02,4.075,30-09-02,4.22,30-09-02,4.319,30-09-02,4.387,30-09-02,4.805,30-09-02,4.906
31-10-02,3.042,31-10-02,3.108,31-10-02,3.379,31-10-02,3.638,31-10-02,3.858,31-10-02,4.068,31-10-02,4.276,31-10-02,4.436,31-10-02,4.562,31-10-02,4.654,31-10-02,5.032,31-10-02,5.125
29-11-02,2.949,29-11-02,3.153,29-11-02,3.427,29-11-02,3.677,29-11-02,3.89,29-11-02,4.088,29-11-02,4.278,29-11-02,4.439,29-11-02,4.545,29-11-02,4.631,29-11-02,5.008,29-11-02,5.223
31-12-02,2.657,31-12-02,2.737,31-12-02,3.015,31-12-02,3.277,31-12-02,3.505,31-12-02,3.728,31-12-02,3.938,31-12-02,4.127,31-12-02,4.26,31-12-02,4.359,31-12-02,4.754,31-12-02,5.011
31-01-03,2.471,31-01-03,2.522,31-01-03,2.754,31-01-03,3.008,31-01-03,3.226,31-01-03,3.418,31-01-03,3.616,31-01-03,3.791,31-01-03,3.911,31-01-03,3.985,31-01-03,4.38,31-01-03,4.632
28-02-03,2.208,28-02-03,2.253,28-02-03,2.48,28-02-03,2.741,28-02-03,2.959,28-02-03,3.193,28-02-03,3.425,28-02-03,3.62,28-02-03,3.768,28-02-03,3.868,28-02-03,4.333,28-02-03,4.637
31-03-03,2.251,31-03-03,2.339,31-03-03,2.65,31-03-03,2.929,31-03-03,3.159,31-03-03,3.37,31-03-03,3.602,31-03-03,3.783,31-03-03,3.918,31-03-03,4.007,31-03-03,4.467,31-03-03,4.777
30-04-03,2.263,30-04-03,2.383,30-04-03,2.684,30-04-03,2.971,30-04-03,3.208,30-04-03,3.406,30-04-03,3.648,30-04-03,3.831,30-04-03,3.97,30-04-03,4.076,30-04-03,4.513,30-04-03,4.831
30-05-03,2.029,30-05-03,2.101,30-05-03,2.358,30-05-03,2.606,30-05-03,2.834,30-05-03,3.071,30-05-03,3.289,30-05-03,3.476,30-05-03,3.618,30-05-03,3.734,30-05-03,4.227,30-05-03,4.556
30-06-03,1.933,30-06-03,2.076,30-06-03,2.376,30-06-03,2.68,30-06-03,2.929,30-06-03,3.158,30-06-03,3.371,30-06-03,3.564,30-06-03,3.716,30-06-03,3.834,30-06-03,4.301,30-06-03,4.676
31-07-03,2.105,31-07-03,2.43,31-07-03,2.794,31-07-03,3.117,31-07-03,3.364,31-07-03,3.586,31-07-03,3.779,31-07-03,3.941,31-07-03,4.066,31-07-03,4.181,31-07-03,4.614,31-07-03,4.959
29-08-03,2.241,29-08-03,2.595,29-08-03,2.948,29-08-03,3.257,29-08-03,3.473,29-08-03,3.663,29-08-03,3.843,29-08-03,3.992,29-08-03,4.106,29-08-03,4.191,29-08-03,4.547,29-08-03,4.87
30-09-03,2.008,30-09-03,2.26,30-09-03,2.604,30-09-03,2.916,30-09-03,3.155,30-09-03,3.38,30-09-03,3.591,30-09-03,3.768,30-09-03,3.91,30-09-03,4.029,30-09-03,4.456,30-09-03,4.844
31-10-03,2.284,31-10-03,2.673,31-10-03,3.025,31-10-03,3.344,31-10-03,3.573,31-10-03,3.792,31-10-03,3.983,31-10-03,4.134,31-10-03,4.248,31-10-03,4.328,31-10-03,4.677,31-10-03,5.022
28-11-03,2.392,28-11-03,2.831,28-11-03,3.191,28-11-03,3.511,28-11-03,3.738,28-11-03,3.955,28-11-03,4.137,28-11-03,4.281,28-11-03,4.387,28-11-03,4.469,28-11-03,4.756,28-11-03,5.089
31-12-03,2.196,31-12-03,2.581,31-12-03,2.963,31-12-03,3.291,31-12-03,3.534,31-12-03,3.763,31-12-03,3.962,31-12-03,4.123,31-12-03,4.239,31-12-03,4.329,31-12-03,4.634,31-12-03,4.986
30-01-04,2.177,30-01-04,2.538,30-01-04,2.912,30-01-04,3.23,30-01-04,3.463,30-01-04,3.701,30-01-04,3.91,30-01-04,4.08,30-01-04,4.201,30-01-04,4.297,30-01-04,4.633,30-01-04,5.017
27-02-04,1.978,27-02-04,2.267,27-02-04,2.636,27-02-04,2.95,27-02-04,3.211,27-02-04,3.458,27-02-04,3.683,27-02-04,3.873,27-02-04,4.021,27-02-04,4.133,27-02-04,4.509,27-02-04,4.936
31-03-04,1.896,31-03-04,2.142,31-03-04,2.507,31-03-04,2.824,31-03-04,3.091,31-03-04,3.335,31-03-04,3.569,31-03-04,3.767,31-03-04,3.923,31-03-04,4.034,31-03-04,4.434,31-03-04,4.882
30-04-04,2.152,30-04-04,2.483,30-04-04,2.857,30-04-04,3.175,30-04-04,3.439,30-04-04,3.661,30-04-04,3.872,30-04-04,4.055,30-04-04,4.199,30-04-04,4.288,30-04-04,4.631,30-04-04,5.013
31-05-04,2.276,31-05-04,2.666,31-05-04,3.046,31-05-04,3.366,31-05-04,3.638,31-05-04,3.872,31-05-04,4.075,31-05-04,4.249,31-05-04,4.389,31-05-04,4.479,31-05-04,4.805,31-05-04,5.164
30-06-04,2.328,30-06-04,2.736,30-06-04,3.113,30-06-04,3.405,30-06-04,3.653,30-06-04,3.865,30-06-04,4.053,30-06-04,4.216,30-06-04,4.346,30-06-04,4.432,30-06-04,4.725,30-06-04,5.043
30-07-04,2.289,30-07-04,2.668,30-07-04,3.028,30-07-04,3.311,30-07-04,3.555,30-07-04,3.766,30-07-04,3.954,30-07-04,4.113,30-07-04,4.246,30-07-04,4.331,30-07-04,4.629,30-07-04,4.946
31-08-04,2.221,31-08-04,2.483,31-08-04,2.828,31-08-04,3.103,31-08-04,3.334,31-08-04,3.542,31-08-04,3.741,31-08-04,3.91,31-08-04,4.049,31-08-04,4.141,31-08-04,4.46,31-08-04,4.792
30-09-04,2.326,30-09-04,2.593,30-09-04,2.867,30-09-04,3.136,30-09-04,3.345,30-09-04,3.541,30-09-04,3.725,30-09-04,3.885,30-09-04,4.019,30-09-04,4.106,30-09-04,4.42,30-09-04,4.74
29-10-04,2.262,29-10-04,2.459,29-10-04,2.727,29-10-04,2.986,29-10-04,3.206,29-10-04,3.408,29-10-04,3.595,29-10-04,3.762,29-10-04,3.902,29-10-04,3.992,29-10-04,4.319,29-10-04,4.648
30-11-04,2.239,30-11-04,2.397,30-11-04,2.632,30-11-04,2.874,30-11-04,3.097,30-11-04,3.282,30-11-04,3.465,30-11-04,3.63,30-11-04,3.77,30-11-04,3.883,30-11-04,4.171,30-11-04,4.454
31-12-04,2.294,31-12-04,2.494,31-12-04,2.701,31-12-04,2.902,31-12-04,3.088,31-12-04,3.242,31-12-04,3.404,31-12-04,3.546,31-12-04,3.661,31-12-04,3.766,31-12-04,4.043,31-12-04,4.314
31-01-05,2.236,31-01-05,2.427,31-01-05,2.623,31-01-05,2.814,31-01-05,2.992,31-01-05,3.134,31-01-05,3.277,31-01-05,3.41,31-01-05,3.53,31-01-05,3.626,31-01-05,3.846,31-01-05,4.052
28-02-05,2.285,28-02-05,2.54,28-02-05,2.759,28-02-05,2.972,28-02-05,3.157,28-02-05,3.307,28-02-05,3.455,28-02-05,3.592,28-02-05,3.712,28-02-05,3.802,28-02-05,4.005,28-02-05,4.197
31-03-05,2.275,31-03-05,2.5,31-03-05,2.7,31-03-05,2.902,31-03-05,3.081,31-03-05,3.226,31-03-05,3.371,31-03-05,3.504,31-03-05,3.623,31-03-05,3.709,31-03-05,3.947,31-03-05,4.156
29-04-05,2.133,29-04-05,2.268,29-04-05,2.446,29-04-05,2.652,29-04-05,2.818,29-04-05,2.973,29-04-05,3.129,29-04-05,3.274,29-04-05,3.397,29-04-05,3.485,29-04-05,3.748,29-04-05,3.977
31-05-05,2.086,31-05-05,2.17,31-05-05,2.323,31-05-05,2.521,31-05-05,2.677,31-05-05,2.836,31-05-05,2.984,31-05-05,3.119,31-05-05,3.231,31-05-05,3.336,31-05-05,3.601,31-05-05,3.823
30-06-05,2.003,30-06-05,2.028,30-06-05,2.163,30-06-05,2.363,30-06-05,2.532,30-06-05,2.694,30-06-05,2.848,30-06-05,2.984,30-06-05,3.1,30-06-05,3.201,30-06-05,3.454,30-06-05,3.665
29-07-05,2.156,29-07-05,2.262,29-07-05,2.375,29-07-05,2.55,29-07-05,2.706,29-07-05,2.851,29-07-05,2.992,29-07-05,3.118,29-07-05,3.231,29-07-05,3.309,29-07-05,3.552,29-07-05,3.751
31-08-05,2.145,31-08-05,2.216,31-08-05,2.322,31-08-05,2.47,31-08-05,2.603,31-08-05,2.735,31-08-05,2.858,31-08-05,2.977,31-08-05,3.082,31-08-05,3.165,31-08-05,3.398,31-08-05,3.584
30-09-05,2.268,30-09-05,2.4,30-09-05,2.505,30-09-05,2.63,30-09-05,2.743,30-09-05,2.847,30-09-05,2.948,30-09-05,3.045,30-09-05,3.136,30-09-05,3.206,30-09-05,3.422,30-09-05,3.59
31-10-05,2.486,31-10-05,2.648,31-10-05,2.781,31-10-05,2.916,31-10-05,3.028,31-10-05,3.127,31-10-05,3.218,31-10-05,3.306,31-10-05,3.391,31-10-05,3.45,31-10-05,3.646,31-10-05,3.794
30-11-05,2.662,30-11-05,2.787,30-11-05,2.905,30-11-05,3.021,30-11-05,3.119,30-11-05,3.211,30-11-05,3.292,30-11-05,3.372,30-11-05,3.441,30-11-05,3.493,30-11-05,3.643,30-11-05,3.809
30-12-05,2.731,30-12-05,2.868,30-12-05,2.942,30-12-05,3.021,30-12-05,3.091,30-12-05,3.152,30-12-05,3.196,30-12-05,3.249,30-12-05,3.295,30-12-05,3.337,30-12-05,3.46,30-12-05,3.596
31-01-06,2.789,31-01-06,2.972,31-01-06,3.077,31-01-06,3.17,31-01-06,3.253,31-01-06,3.32,31-01-06,3.377,31-01-06,3.428,31-01-06,3.465,31-01-06,3.498,31-01-06,3.624,31-01-06,3.765
28-02-06,2.864,28-02-06,3.043,28-02-06,3.139,28-02-06,3.232,28-02-06,3.298,28-02-06,3.361,28-02-06,3.404,28-02-06,3.449,28-02-06,3.483,28-02-06,3.519,28-02-06,3.635,28-02-06,3.764
31-03-06,3.123,31-03-06,3.3,31-03-06,3.42,31-03-06,3.525,31-03-06,3.598,31-03-06,3.659,31-03-06,3.707,31-03-06,3.751,31-03-06,3.78,31-03-06,3.804,31-03-06,3.918,31-03-06,4.046
28-04-06,3.157,28-04-06,3.402,28-04-06,3.545,28-04-06,3.67,28-04-06,3.757,28-04-06,3.828,28-04-06,3.887,28-04-06,3.938,28-04-06,3.968,28-04-06,3.99,28-04-06,4.107,28-04-06,4.24
31-05-06,3.214,31-05-06,3.388,31-05-06,3.526,31-05-06,3.64,31-05-06,3.725,31-05-06,3.809,31-05-06,3.87,31-05-06,3.928,31-05-06,3.967,31-05-06,4.019,31-05-06,4.165,31-05-06,4.328
30-06-06,3.383,30-06-06,3.584,30-06-06,3.696,30-06-06,3.802,30-06-06,3.87,30-06-06,3.94,30-06-06,3.985,30-06-06,4.032,30-06-06,4.06,30-06-06,4.104,30-06-06,4.227,30-06-06,4.366
31-07-06,3.39,31-07-06,3.525,31-07-06,3.604,31-07-06,3.673,31-07-06,3.725,31-07-06,3.791,31-07-06,3.836,31-07-06,3.889,31-07-06,3.91,31-07-06,3.952,31-07-06,4.09,31-07-06,4.245
31-08-06,3.482,31-08-06,3.527,31-08-06,3.55,31-08-06,3.579,31-08-06,3.611,31-08-06,3.656,31-08-06,3.689,31-08-06,3.727,31-08-06,3.747,31-08-06,3.784,31-08-06,3.916,31-08-06,4.063
29-09-06,3.609,29-09-06,3.585,29-09-06,3.59,29-09-06,3.603,29-09-06,3.63,29-09-06,3.648,29-09-06,3.662,29-09-06,3.681,29-09-06,3.694,29-09-06,3.725,29-09-06,3.836,29-09-06,3.957
31-10-06,3.686,31-10-06,3.677,31-10-06,3.665,31-10-06,3.672,31-10-06,3.686,31-10-06,3.705,31-10-06,3.714,31-10-06,3.722,31-10-06,3.73,31-10-06,3.753,31-10-06,3.823,31-10-06,3.9
30-11-06,3.689,30-11-06,3.652,30-11-06,3.625,30-11-06,3.627,30-11-06,3.637,30-11-06,3.651,30-11-06,3.665,30-11-06,3.663,30-11-06,3.665,30-11-06,3.699,30-11-06,3.794,30-11-06,3.895
29-12-06,3.88,29-12-06,3.903,29-12-06,3.892,29-12-06,3.91,29-12-06,3.925,29-12-06,3.933,29-12-06,3.951,29-12-06,3.952,29-12-06,3.945,29-12-06,3.951,29-12-06,4.042,29-12-06,4.14
31-01-07,3.96,31-01-07,3.973,31-01-07,4,31-01-07,4.023,31-01-07,4.048,31-01-07,4.075,31-01-07,4.095,31-01-07,4.096,31-01-07,4.093,31-01-07,4.109,31-01-07,4.188,31-01-07,4.275
28-02-07,3.929,28-02-07,3.877,28-02-07,3.884,28-02-07,3.89,28-02-07,3.902,28-02-07,3.928,28-02-07,3.949,28-02-07,3.952,28-02-07,3.948,28-02-07,3.966,28-02-07,4.054,28-02-07,4.151
30-03-07,4.071,30-03-07,4.015,30-03-07,4.014,30-03-07,4.02,30-03-07,4.018,30-03-07,4.037,30-03-07,4.045,30-03-07,4.042,30-03-07,4.04,30-03-07,4.067,30-03-07,4.182,30-03-07,4.307
30-04-07,4.159,30-04-07,4.128,30-04-07,4.123,30-04-07,4.129,30-04-07,4.135,30-04-07,4.144,30-04-07,4.153,30-04-07,4.15,30-04-07,4.145,30-04-07,4.163,30-04-07,4.27,30-04-07,4.387
31-05-07,4.342,31-05-07,4.399,31-05-07,4.41,31-05-07,4.42,31-05-07,4.414,31-05-07,4.423,31-05-07,4.426,31-05-07,4.415,31-05-07,4.407,31-05-07,4.423,31-05-07,4.519,31-05-07,4.623
29-06-07,4.412,29-06-07,4.467,29-06-07,4.507,29-06-07,4.531,29-06-07,4.534,29-06-07,4.554,29-06-07,4.57,29-06-07,4.559,29-06-07,4.558,29-06-07,4.581,29-06-07,4.675,29-06-07,4.778
31-07-07,4.373,31-07-07,4.302,31-07-07,4.329,31-07-07,4.332,31-07-07,4.325,31-07-07,4.348,31-07-07,4.357,31-07-07,4.337,31-07-07,4.327,31-07-07,4.352,31-07-07,4.459,31-07-07,4.574
31-08-07,4.078,31-08-07,4.025,31-08-07,4.081,31-08-07,4.113,31-08-07,4.136,31-08-07,4.18,31-08-07,4.21,31-08-07,4.219,31-08-07,4.228,31-08-07,4.263,31-08-07,4.445,31-08-07,4.638
28-09-07,4.036,28-09-07,4.032,28-09-07,4.112,28-09-07,4.158,28-09-07,4.168,28-09-07,4.226,28-09-07,4.275,28-09-07,4.301,28-09-07,4.326,28-09-07,4.36,28-09-07,4.523,28-09-07,4.695
31-10-07,4.148,31-10-07,4.063,31-10-07,4.122,31-10-07,4.144,31-10-07,4.136,31-10-07,4.171,31-10-07,4.2,31-10-07,4.217,31-10-07,4.236,31-10-07,4.262,31-10-07,4.424,31-10-07,4.59
30-11-07,3.979,30-11-07,3.83,30-11-07,3.853,30-11-07,3.932,30-11-07,3.925,30-11-07,4.005,30-11-07,4.06,30-11-07,4.097,30-11-07,4.131,30-11-07,4.171,30-11-07,4.434,30-11-07,4.703
31-12-07,4.037,31-12-07,3.985,31-12-07,4.055,31-12-07,4.111,31-12-07,4.138,31-12-07,4.201,31-12-07,4.26,31-12-07,4.304,31-12-07,4.326,31-12-07,4.348,31-12-07,4.538,31-12-07,4.726
31-01-08,3.653,31-01-08,3.378,31-01-08,3.458,31-01-08,3.528,31-01-08,3.582,31-01-08,3.67,31-01-08,3.775,31-01-08,3.87,31-01-08,3.927,31-01-08,3.979,31-01-08,4.274,31-01-08,4.606
29-02-08,3.544,29-02-08,3.162,29-02-08,3.21,29-02-08,3.323,29-02-08,3.409,29-02-08,3.507,29-02-08,3.654,29-02-08,3.79,29-02-08,3.898,29-02-08,3.963,29-02-08,4.288,29-02-08,4.65
31-03-08,3.754,31-03-08,3.43,31-03-08,3.52,31-03-08,3.604,31-03-08,3.638,31-03-08,3.715,31-03-08,3.804,31-03-08,3.899,31-03-08,3.939,31-03-08,3.947,31-03-08,4.338,31-03-08,4.762
30-04-08,3.991,30-04-08,3.757,30-04-08,3.792,30-04-08,3.923,30-04-08,3.884,30-04-08,3.992,30-04-08,4.076,30-04-08,4.137,30-04-08,4.167,30-04-08,4.166,30-04-08,4.486,30-04-08,4.821
30-05-08,4.282,30-05-08,4.306,30-05-08,4.273,30-05-08,4.357,30-05-08,4.307,30-05-08,4.341,30-05-08,4.361,30-05-08,4.428,30-05-08,4.423,30-05-08,4.441,30-05-08,4.787,30-05-08,4.978
30-06-08,4.678,30-06-08,4.597,30-06-08,4.626,30-06-08,4.672,30-06-08,4.635,30-06-08,4.632,30-06-08,4.632,30-06-08,4.662,30-06-08,4.613,30-06-08,4.618,30-06-08,4.941,30-06-08,5.039
31-07-08,4.425,31-07-08,4.251,31-07-08,4.24,31-07-08,4.272,31-07-08,4.272,31-07-08,4.273,31-07-08,4.316,31-07-08,4.37,31-07-08,4.348,31-07-08,4.371,31-07-08,4.72,31-07-08,4.842
29-08-08,4.317,29-08-08,4.096,29-08-08,4.05,29-08-08,4.097,29-08-08,4.088,29-08-08,4.079,29-08-08,4.122,29-08-08,4.21,29-08-08,4.164,29-08-08,4.198,29-08-08,4.597,29-08-08,4.733
30-09-08,3.345,30-09-08,3.486,30-09-08,3.595,30-09-08,3.746,30-09-08,3.807,30-09-08,3.87,30-09-08,3.957,30-09-08,4,30-09-08,4.026,30-09-08,4.074,30-09-08,4.647,30-09-08,4.818
31-10-08,2.509,31-10-08,2.585,31-10-08,2.88,31-10-08,3.167,31-10-08,3.232,31-10-08,3.489,31-10-08,3.71,31-10-08,3.903,31-10-08,3.964,31-10-08,4.023,31-10-08,4.66,31-10-08,4.866
28-11-08,1.994,28-11-08,2.193,28-11-08,2.253,28-11-08,2.6,28-11-08,2.689,28-11-08,2.847,28-11-08,3.07,28-11-08,3.22,28-11-08,3.284,28-11-08,3.316,28-11-08,3.922,28-11-08,4.101
31-12-08,1.717,31-12-08,1.762,31-12-08,1.937,31-12-08,2.266,31-12-08,2.381,31-12-08,2.595,31-12-08,2.797,31-12-08,2.945,31-12-08,2.964,31-12-08,3.005,31-12-08,3.72,31-12-08,3.953
30-01-09,1.213,30-01-09,1.587,30-01-09,1.963,30-01-09,2.308,30-01-09,2.544,30-01-09,2.83,30-01-09,3.084,30-01-09,3.212,30-01-09,3.27,30-01-09,3.397,30-01-09,4.217,30-01-09,4.339
27-02-09,1.02,27-02-09,1.379,27-02-09,1.681,27-02-09,2.05,27-02-09,2.303,27-02-09,2.593,27-02-09,2.85,27-02-09,2.996,27-02-09,3.061,27-02-09,3.23,27-02-09,4.128,27-02-09,4.298
31-03-09,0.875,31-03-09,1.259,31-03-09,1.64,31-03-09,2.045,31-03-09,2.255,31-03-09,2.518,31-03-09,2.729,31-03-09,2.88,31-03-09,2.973,31-03-09,3.12,31-03-09,4.032,31-03-09,4.257
30-04-09,0.957,30-04-09,1.388,30-04-09,1.744,30-04-09,2.156,30-04-09,2.399,30-04-09,2.674,30-04-09,2.927,30-04-09,3.11,30-04-09,3.207,30-04-09,3.317,30-04-09,4.071,30-04-09,4.291
29-05-09,0.933,29-05-09,1.408,29-05-09,1.83,29-05-09,2.376,29-05-09,2.717,29-05-09,3.023,29-05-09,3.277,29-05-09,3.485,29-05-09,3.582,29-05-09,3.702,29-05-09,4.462,29-05-09,4.682
30-06-09,0.86,30-06-09,1.393,30-06-09,1.841,30-06-09,2.293,30-06-09,2.592,30-06-09,2.881,30-06-09,3.121,30-06-09,3.294,30-06-09,3.363,30-06-09,3.49,30-06-09,4.248,30-06-09,4.535
31-07-09,0.711,31-07-09,1.331,31-07-09,1.784,31-07-09,2.211,31-07-09,2.515,31-07-09,2.76,31-07-09,2.994,31-07-09,3.186,31-07-09,3.297,31-07-09,3.414,31-07-09,4.021,31-07-09,4.268
31-08-09,0.743,31-08-09,1.366,31-08-09,1.854,31-08-09,2.229,31-08-09,2.502,31-08-09,2.745,31-08-09,2.968,31-08-09,3.149,31-08-09,3.268,31-08-09,3.373,31-08-09,3.942,31-08-09,4.213
30-09-09,0.714,30-09-09,1.29,30-09-09,1.798,30-09-09,2.18,30-09-09,2.429,30-09-09,2.674,30-09-09,2.898,30-09-09,3.101,30-09-09,3.24,30-09-09,3.351,30-09-09,3.952,30-09-09,4.202
30-10-09,0.8,30-10-09,1.346,30-10-09,1.792,30-10-09,2.196,30-10-09,2.46,30-10-09,2.711,30-10-09,2.924,30-10-09,3.116,30-10-09,3.265,30-10-09,3.371,30-10-09,3.993,30-10-09,4.268
30-11-09,0.795,30-11-09,1.242,30-11-09,1.649,30-11-09,2.023,30-11-09,2.299,30-11-09,2.564,30-11-09,2.773,30-11-09,2.982,30-11-09,3.12,30-11-09,3.252,30-11-09,3.898,30-11-09,4.169
31-12-09,0.828,31-12-09,1.351,31-12-09,1.739,31-12-09,2.185,31-12-09,2.523,31-12-09,2.806,31-12-09,3.064,31-12-09,3.267,31-12-09,3.39,31-12-09,3.501,31-12-09,4.086,31-12-09,4.368
29-01-10,0.68,29-01-10,1.168,29-01-10,1.549,29-01-10,1.907,29-01-10,2.283,29-01-10,2.575,29-01-10,2.835,29-01-10,3.051,29-01-10,3.198,29-01-10,3.316,29-01-10,3.87,29-01-10,4.122
26-02-10,0.525,26-02-10,0.937,26-02-10,1.326,26-02-10,1.715,26-02-10,2.163,26-02-10,2.452,26-02-10,2.707,26-02-10,2.954,26-02-10,3.128,26-02-10,3.232,26-02-10,3.771,26-02-10,4.027
31-03-10,0.529,31-03-10,0.974,31-03-10,1.328,31-03-10,1.751,31-03-10,2.197,31-03-10,2.473,31-03-10,2.733,31-03-10,2.954,31-03-10,3.12,31-03-10,3.229,31-03-10,3.724,31-03-10,3.953
30-04-10,0.497,30-04-10,0.812,30-04-10,1.137,30-04-10,1.575,30-04-10,2.018,30-04-10,2.326,30-04-10,2.587,30-04-10,2.821,30-04-10,2.997,30-04-10,3.113,30-04-10,3.575,30-04-10,3.826
31-05-10,0.259,31-05-10,0.504,31-05-10,0.736,31-05-10,1.135,31-05-10,1.623,31-05-10,1.911,31-05-10,2.183,31-05-10,2.44,31-05-10,2.617,31-05-10,2.753,31-05-10,3.197,31-05-10,3.457
30-06-10,0.441,30-06-10,0.604,30-06-10,0.741,30-06-10,1.054,30-06-10,1.542,30-06-10,1.833,30-06-10,2.12,30-06-10,2.375,30-06-10,2.549,30-06-10,2.674,30-06-10,3.132,30-06-10,3.391
30-07-10,0.544,30-07-10,0.805,30-07-10,0.997,30-07-10,1.337,30-07-10,1.76,30-07-10,2.036,30-07-10,2.286,30-07-10,2.499,30-07-10,2.66,30-07-10,2.767,30-07-10,3.22,30-07-10,3.487
31-08-10,0.47,31-08-10,0.586,31-08-10,0.711,31-08-10,0.986,31-08-10,1.307,31-08-10,1.547,31-08-10,1.74,31-08-10,1.929,31-08-10,2.076,31-08-10,2.176,31-08-10,2.526,31-08-10,2.731
30-09-10,0.713,30-09-10,0.84,30-09-10,0.983,30-09-10,1.224,30-09-10,1.491,30-09-10,1.753,30-09-10,1.952,30-09-10,2.13,30-09-10,2.259,30-09-10,2.345,30-09-10,2.757,30-09-10,2.971
29-10-10,0.88,29-10-10,1.011,29-10-10,1.187,29-10-10,1.472,29-10-10,1.743,29-10-10,1.985,29-10-10,2.193,29-10-10,2.377,29-10-10,2.508,29-10-10,2.599,29-10-10,2.978,29-10-10,3.152
30-11-10,0.688,30-11-10,0.851,30-11-10,1.087,30-11-10,1.424,30-11-10,1.739,30-11-10,2.059,30-11-10,2.331,30-11-10,2.561,30-11-10,2.707,30-11-10,2.75,30-11-10,3.145,30-11-10,3.296
31-12-10,0.614,31-12-10,0.875,31-12-10,1.136,31-12-10,1.556,31-12-10,1.945,31-12-10,2.301,31-12-10,2.58,31-12-10,2.816,31-12-10,3,31-12-10,3.071,31-12-10,3.483,31-12-10,3.619
31-01-11,1.031,31-01-11,1.411,31-01-11,1.694,31-01-11,2.092,31-01-11,2.402,31-01-11,2.677,31-01-11,2.882,31-01-11,3.051,31-01-11,3.194,31-01-11,3.252,31-01-11,3.662,31-01-11,3.791
28-02-11,1.106,28-02-11,1.504,28-02-11,1.752,28-02-11,2.121,28-02-11,2.422,28-02-11,2.655,28-02-11,2.871,28-02-11,3.05,28-02-11,3.182,28-02-11,3.276,28-02-11,3.678,28-02-11,3.798
31-03-11,1.304,31-03-11,1.806,31-03-11,2.062,31-03-11,2.424,31-03-11,2.727,31-03-11,2.937,31-03-11,3.112,31-03-11,3.255,31-03-11,3.373,31-03-11,3.461,31-03-11,3.858,31-03-11,3.983
29-04-11,1.419,29-04-11,1.804,29-04-11,2.056,29-04-11,2.392,29-04-11,2.642,29-04-11,2.833,29-04-11,2.986,29-04-11,3.106,29-04-11,3.221,29-04-11,3.303,29-04-11,3.741,29-04-11,3.869
31-05-11,1.36,31-05-11,1.598,31-05-11,1.817,31-05-11,2.1,31-05-11,2.33,31-05-11,2.527,31-05-11,2.712,31-05-11,2.86,31-05-11,2.992,31-05-11,3.089,31-05-11,3.551,31-05-11,3.7
30-06-11,1.455,30-06-11,1.617,30-06-11,1.798,30-06-11,2.096,30-06-11,2.343,30-06-11,2.529,30-06-11,2.703,30-06-11,2.853,30-06-11,2.981,30-06-11,3.103,30-06-11,3.647,30-06-11,3.865
29-07-11,1.138,29-07-11,1.176,29-07-11,1.332,29-07-11,1.576,29-07-11,1.793,29-07-11,1.991,29-07-11,2.186,29-07-11,2.348,29-07-11,2.49,29-07-11,2.615,29-07-11,3.204,29-07-11,3.41
31-08-11,0.644,31-08-11,0.718,31-08-11,0.865,31-08-11,1.159,31-08-11,1.4,31-08-11,1.594,31-08-11,1.779,31-08-11,1.981,31-08-11,2.145,31-08-11,2.284,31-08-11,2.929,31-08-11,3.157
30-09-11,0.395,30-09-11,0.557,30-09-11,0.705,30-09-11,0.926,30-09-11,1.17,30-09-11,1.338,30-09-11,1.489,30-09-11,1.669,30-09-11,1.824,30-09-11,1.944,30-09-11,2.473,30-09-11,2.804
31-10-11,0.419,31-10-11,0.557,31-10-11,0.7,31-10-11,0.922,31-10-11,1.183,31-10-11,1.407,31-10-11,1.61,31-10-11,1.805,31-10-11,1.975,31-10-11,2.104,31-10-11,2.732,31-10-11,3.037
30-11-11,0.194,30-11-11,0.332,30-11-11,0.577,30-11-11,0.89,30-11-11,1.211,30-11-11,1.49,30-11-11,1.781,30-11-11,1.995,30-11-11,2.17,30-11-11,2.35,30-11-11,3.022,30-11-11,3.267
30-12-11,0.116,30-12-11,0.151,30-12-11,0.329,30-12-11,0.562,30-12-11,0.818,30-12-11,1.082,30-12-11,1.351,30-12-11,1.562,30-12-11,1.722,30-12-11,1.889,30-12-11,2.403,30-12-11,2.621
31-01-12,0.101,31-01-12,0.178,31-01-12,0.322,31-01-12,0.518,31-01-12,0.729,31-01-12,1.001,31-01-12,1.244,31-01-12,1.483,31-01-12,1.681,31-01-12,1.859,31-01-12,2.444,31-01-12,2.685
29-02-12,0.123,29-02-12,0.188,29-02-12,0.327,29-02-12,0.557,29-02-12,0.825,29-02-12,1.051,29-02-12,1.275,29-02-12,1.502,29-02-12,1.708,29-02-12,1.899,29-02-12,2.455,29-02-12,2.646
30-03-12,0.131,30-03-12,0.212,30-03-12,0.345,30-03-12,0.557,30-03-12,0.826,30-03-12,1.07,30-03-12,1.289,30-03-12,1.501,30-03-12,1.708,30-03-12,1.882,30-03-12,2.482,30-03-12,2.664
30-04-12,0.04,30-04-12,0.092,30-04-12,0.197,30-04-12,0.39,30-04-12,0.644,30-04-12,0.869,30-04-12,1.088,30-04-12,1.292,30-04-12,1.481,30-04-12,1.686,30-04-12,2.341,30-04-12,2.503
31-05-12,0.014,31-05-12,0.003,31-05-12,0.061,31-05-12,0.171,31-05-12,0.365,31-05-12,0.545,31-05-12,0.731,31-05-12,0.896,31-05-12,1.038,31-05-12,1.217,31-05-12,1.742,31-05-12,1.857
29-06-12,0.081,29-06-12,0.128,29-06-12,0.242,29-06-12,0.426,29-06-12,0.659,29-06-12,0.853,29-06-12,1.08,29-06-12,1.261,29-06-12,1.435,29-06-12,1.632,29-06-12,2.201,29-06-12,2.368
31-07-12,0.09,31-07-12,0.09,31-07-12,0.09,31-07-12,0.158,31-07-12,0.364,31-07-12,0.549,31-07-12,0.76,31-07-12,0.955,31-07-12,1.136,31-07-12,1.332,31-07-12,1.82,31-07-12,2.035
31-08-12,0.015,31-08-12,0.053,31-08-12,0.091,31-08-12,0.202,31-08-12,0.412,31-08-12,0.607,31-08-12,0.822,31-08-12,1.023,31-08-12,1.209,31-08-12,1.39,31-08-12,1.87,31-08-12,2.074
28-09-12,0.01,28-09-12,0.024,28-09-12,0.091,28-09-12,0.264,28-09-12,0.504,28-09-12,0.708,28-09-12,0.919,28-09-12,1.115,28-09-12,1.303,28-09-12,1.496,28-09-12,1.997,28-09-12,2.227
31-10-12,0.01,31-10-12,0.046,31-10-12,0.116,31-10-12,0.271,31-10-12,0.506,31-10-12,0.726,31-10-12,0.939,31-10-12,1.142,31-10-12,1.344,31-10-12,1.526,31-10-12,2.053,31-10-12,2.266
30-11-12,0.015,30-11-12,0.01,30-11-12,0.075,30-11-12,0.221,30-11-12,0.437,30-11-12,0.65,30-11-12,0.862,30-11-12,1.069,30-11-12,1.275,30-11-12,1.456,30-11-12,2.012,30-11-12,2.248
31-12-12,0.126,31-12-12,0.122,31-12-12,0.118,31-12-12,0.154,31-12-12,0.34,31-12-12,0.534,31-12-12,0.764,31-12-12,1.002,31-12-12,1.216,31-12-12,1.391,31-12-12,1.918,31-12-12,2.132
31-01-13,0.152,31-01-13,0.281,31-01-13,0.368,31-01-13,0.557,31-01-13,0.757,31-01-13,0.938,31-01-13,1.142,31-01-13,1.345,31-01-13,1.567,31-01-13,1.728,31-01-13,2.168,31-01-13,2.357
28-02-13,0.015,28-02-13,0.039,28-02-13,0.099,28-02-13,0.257,28-02-13,0.44,28-02-13,0.628,28-02-13,0.846,28-02-13,1.091,28-02-13,1.321,28-02-13,1.509,28-02-13,2.064,28-02-13,2.292
29-03-13,0.019,29-03-13,0.021,29-03-13,0.032,29-03-13,0.154,29-03-13,0.329,29-03-13,0.492,29-03-13,0.679,29-03-13,0.914,29-03-13,1.153,29-03-13,1.345,29-03-13,1.926,29-03-13,2.174
30-04-13,0.012,30-04-13,0.018,30-04-13,0.066,30-04-13,0.2,30-04-13,0.358,30-04-13,0.483,30-04-13,0.649,30-04-13,0.852,30-04-13,1.088,30-04-13,1.276,30-04-13,1.818,30-04-13,2.064
31-05-13,0.014,31-05-13,0.068,31-05-13,0.162,31-05-13,0.329,31-05-13,0.515,31-05-13,0.687,31-05-13,0.881,31-05-13,1.12,31-05-13,1.37,31-05-13,1.562,31-05-13,2.085,31-05-13,2.338
28-06-13,0.096,28-06-13,0.194,28-06-13,0.331,28-06-13,0.555,28-06-13,0.778,28-06-13,0.958,28-06-13,1.129,28-06-13,1.342,28-06-13,1.607,28-06-13,1.8,28-06-13,2.252,28-06-13,2.495
31-07-13,0.064,31-07-13,0.164,31-07-13,0.286,31-07-13,0.49,31-07-13,0.707,31-07-13,0.879,31-07-13,1.083,31-07-13,1.306,31-07-13,1.555,31-07-13,1.75,31-07-13,2.287,31-07-13,2.504
30-08-13,0.109,30-08-13,0.234,30-08-13,0.388,30-08-13,0.627,30-08-13,0.899,30-08-13,1.094,30-08-13,1.295,30-08-13,1.517,30-08-13,1.764,30-08-13,1.952,30-08-13,2.476,30-08-13,2.703
30-09-13,0.101,30-09-13,0.174,30-09-13,0.291,30-09-13,0.494,30-09-13,0.79,30-09-13,0.929,30-09-13,1.156,30-09-13,1.379,30-09-13,1.638,30-09-13,1.859,30-09-13,2.396,30-09-13,2.657
31-10-13,0.072,31-10-13,0.127,31-10-13,0.22,31-10-13,0.402,31-10-13,0.671,31-10-13,0.838,31-10-13,1.078,31-10-13,1.297,31-10-13,1.547,31-10-13,1.761,31-10-13,2.359,31-10-13,2.638
29-11-13,0.092,29-11-13,0.116,29-11-13,0.217,29-11-13,0.425,29-11-13,0.678,29-11-13,0.863,29-11-13,1.102,29-11-13,1.357,29-11-13,1.604,29-11-13,1.791,29-11-13,2.404,29-11-13,2.681
31-12-13,0.186,31-12-13,0.221,31-12-13,0.389,31-12-13,0.68,31-12-13,0.978,31-12-13,1.189,31-12-13,1.416,31-12-13,1.639,31-12-13,1.876,31-12-13,2.041,31-12-13,2.614,31-12-13,2.85
31-01-14,0.066,31-01-14,0.082,31-01-14,0.183,31-01-14,0.385,31-01-14,0.64,31-01-14,0.814,31-01-14,1.049,31-01-14,1.284,31-01-14,1.515,31-01-14,1.712,31-01-14,2.251,31-01-14,2.525
28-02-14,0.121,28-02-14,0.128,28-02-14,0.224,28-02-14,0.427,28-02-14,0.676,28-02-14,0.827,28-02-14,1.06,28-02-14,1.281,28-02-14,1.497,28-02-14,1.684,28-02-14,2.226,28-02-14,2.515
31-03-14,0.15,31-03-14,0.162,31-03-14,0.23,31-03-14,0.42,31-03-14,0.646,31-03-14,0.794,31-03-14,1.019,31-03-14,1.234,31-03-14,1.449,31-03-14,1.631,31-03-14,2.172,31-03-14,2.472
30-04-14,0.157,30-04-14,0.149,30-04-14,0.222,30-04-14,0.381,30-04-14,0.581,30-04-14,0.742,30-04-14,0.954,30-04-14,1.169,30-04-14,1.372,30-04-14,1.537,30-04-14,2.072,30-04-14,2.373
30-05-14,0.081,30-05-14,0.064,30-05-14,0.119,30-05-14,0.264,30-05-14,0.45,30-05-14,0.588,30-05-14,0.783,30-05-14,1.001,30-05-14,1.22,30-05-14,1.406,30-05-14,1.941,30-05-14,2.265
30-06-14,0.024,30-06-14,0.03,30-06-14,0.082,30-06-14,0.209,30-06-14,0.371,30-06-14,0.497,30-06-14,0.693,30-06-14,0.91,30-06-14,1.119,30-06-14,1.298,30-06-14,1.845,30-06-14,2.182
31-07-14,0.031,31-07-14,0.028,31-07-14,0.073,31-07-14,0.193,31-07-14,0.337,31-07-14,0.456,31-07-14,0.64,31-07-14,0.851,31-07-14,1.051,31-07-14,1.21,31-07-14,1.704,31-07-14,2.042
29-08-14,-0.017,29-08-14,-0.029,29-08-14,0.01,29-08-14,0.095,29-08-14,0.208,29-08-14,0.305,29-08-14,0.448,29-08-14,0.625,29-08-14,0.794,29-08-14,0.938,29-08-14,1.384,29-08-14,1.695
30-09-14,-0.059,30-09-14,-0.081,30-09-14,-0.057,30-09-14,0.019,30-09-14,0.145,30-09-14,0.268,30-09-14,0.435,30-09-14,0.635,30-09-14,0.81,30-09-14,0.983,30-09-14,1.449,30-09-14,1.778
31-10-14,-0.061,31-10-14,-0.054,31-10-14,-0.033,31-10-14,0.019,31-10-14,0.133,31-10-14,0.247,31-10-14,0.392,31-10-14,0.575,31-10-14,0.727,31-10-14,0.877,31-10-14,1.292,31-10-14,1.614
28-11-14,-0.064,28-11-14,-0.033,28-11-14,-0.022,28-11-14,0.027,28-11-14,0.121,28-11-14,0.189,28-11-14,0.301,28-11-14,0.446,28-11-14,0.592,28-11-14,0.737,28-11-14,1.132,28-11-14,1.45
31-12-14,-0.07,31-12-14,-0.097,31-12-14,-0.077,31-12-14,-0.051,31-12-14,0.024,31-12-14,0.085,31-12-14,0.192,31-12-14,0.315,31-12-14,0.45,31-12-14,0.576,31-12-14,0.925,31-12-14,1.217
30-01-15,-0.142,30-01-15,-0.183,30-01-15,-0.167,30-01-15,-0.146,30-01-15,-0.068,30-01-15,-0.018,30-01-15,0.043,30-01-15,0.11,30-01-15,0.206,30-01-15,0.302,30-01-15,0.507,30-01-15,0.728
27-02-15,-0.185,27-02-15,-0.226,27-02-15,-0.208,27-02-15,-0.173,27-02-15,-0.097,27-02-15,-0.042,27-02-15,0.031,27-02-15,0.116,27-02-15,0.221,27-02-15,0.335,27-02-15,0.608,27-02-15,0.839
31-03-15,-0.212,31-03-15,-0.25,31-03-15,-0.223,31-03-15,-0.171,31-03-15,-0.103,31-03-15,-0.065,31-03-15,-0.016,31-03-15,0.038,31-03-15,0.111,31-03-15,0.186,31-03-15,0.352,31-03-15,0.492
30-04-15,-0.258,30-04-15,-0.213,30-04-15,-0.155,30-04-15,-0.066,30-04-15,0.01,30-04-15,0.067,30-04-15,0.143,30-04-15,0.217,30-04-15,0.296,30-04-15,0.377,30-04-15,0.547,30-04-15,0.72
29-05-15,-0.217,29-05-15,-0.225,29-05-15,-0.184,29-05-15,-0.093,29-05-15,0.005,29-05-15,0.083,29-05-15,0.184,29-05-15,0.292,29-05-15,0.409,29-05-15,0.512,29-05-15,0.8,29-05-15,0.993
30-06-15,-0.236,30-06-15,-0.226,30-06-15,-0.173,30-06-15,-0.045,30-06-15,0.104,30-06-15,0.241,30-06-15,0.389,30-06-15,0.539,30-06-15,0.681,30-06-15,0.811,30-06-15,1.212,30-06-15,1.475
31-07-15,-0.223,31-07-15,-0.23,31-07-15,-0.208,31-07-15,-0.123,31-07-15,0.015,31-07-15,0.117,31-07-15,0.25,31-07-15,0.378,31-07-15,0.54,31-07-15,0.653,31-07-15,0.928,31-07-15,1.178
31-08-15,-0.231,31-08-15,-0.204,31-08-15,-0.126,31-08-15,-0.03,31-08-15,0.11,31-08-15,0.236,31-08-15,0.381,31-08-15,0.514,31-08-15,0.688,31-08-15,0.819,31-08-15,1.126,31-08-15,1.372
30-09-15,-0.267,30-09-15,-0.251,30-09-15,-0.209,30-09-15,-0.134,30-09-15,-0.012,30-09-15,0.082,30-09-15,0.203,30-09-15,0.32,30-09-15,0.473,30-09-15,0.607,30-09-15,0.921,30-09-15,1.163
30-10-15,-0.342,30-10-15,-0.311,30-10-15,-0.275,30-10-15,-0.198,30-10-15,-0.076,30-10-15,0.006,30-10-15,0.122,30-10-15,0.256,30-10-15,0.411,30-10-15,0.54,30-10-15,0.836,30-10-15,1.088
30-11-15,-0.378,30-11-15,-0.413,30-11-15,-0.374,30-11-15,-0.292,30-11-15,-0.174,30-11-15,-0.092,30-11-15,0.031,30-11-15,0.19,30-11-15,0.36,30-11-15,0.504,30-11-15,0.854,30-11-15,1.14
31-12-15,-0.378,31-12-15,-0.344,31-12-15,-0.283,31-12-15,-0.173,31-12-15,-0.024,31-12-15,0.083,31-12-15,0.214,31-12-15,0.368,31-12-15,0.537,31-12-15,0.671,31-12-15,1.044,31-12-15,1.321
29-01-16,-0.445,29-01-16,-0.483,29-01-16,-0.449,29-01-16,-0.39,29-01-16,-0.288,29-01-16,-0.199,29-01-16,-0.09,29-01-16,0.028,29-01-16,0.187,29-01-16,0.325,29-01-16,0.636,29-01-16,0.877
29-02-16,-0.485,29-02-16,-0.568,29-02-16,-0.536,29-02-16,-0.498,29-02-16,-0.418,29-02-16,-0.356,29-02-16,-0.265,29-02-16,-0.157,29-02-16,-0.009,29-02-16,0.111,29-02-16,0.402,29-02-16,0.643
31-03-16,-0.454,31-03-16,-0.486,31-03-16,-0.475,31-03-16,-0.424,31-03-16,-0.331,31-03-16,-0.28,31-03-16,-0.199,31-03-16,-0.095,31-03-16,0.044,31-03-16,0.161,31-03-16,0.416,31-03-16,0.641
29-04-16,-0.493,29-04-16,-0.482,29-04-16,-0.463,29-04-16,-0.397,29-04-16,-0.285,29-04-16,-0.201,29-04-16,-0.103,29-04-16,0.018,29-04-16,0.164,29-04-16,0.287,29-04-16,0.556,29-04-16,0.8
31-05-16,-0.533,31-05-16,-0.515,31-05-16,-0.515,31-05-16,-0.462,31-05-16,-0.369,31-05-16,-0.298,31-05-16,-0.21,31-05-16,-0.102,31-05-16,0.036,31-05-16,0.153,31-05-16,0.387,31-05-16,0.63
30-06-16,-0.619,30-06-16,-0.661,30-06-16,-0.652,30-06-16,-0.62,30-06-16,-0.558,30-06-16,-0.501,30-06-16,-0.43,30-06-16,-0.34,30-06-16,-0.215,30-06-16,-0.127,30-06-16,-0.013,30-06-16,0.165
29-07-16,-0.602,29-07-16,-0.628,29-07-16,-0.657,29-07-16,-0.628,29-07-16,-0.547,29-07-16,-0.519,29-07-16,-0.465,29-07-16,-0.369,29-07-16,-0.251,29-07-16,-0.126,29-07-16,-0.001,29-07-16,0.15
31-08-16,-0.637,31-08-16,-0.628,31-08-16,-0.646,31-08-16,-0.605,31-08-16,-0.514,31-08-16,-0.479,31-08-16,-0.408,31-08-16,-0.315,31-08-16,-0.185,31-08-16,-0.064,31-08-16,0.179,31-08-16,0.343
30-09-16,-0.694,30-09-16,-0.697,30-09-16,-0.707,30-09-16,-0.674,30-09-16,-0.581,30-09-16,-0.535,30-09-16,-0.462,30-09-16,-0.366,30-09-16,-0.244,30-09-16,-0.114,30-09-16,0.133,30-09-16,0.318
31-10-16,-0.708,31-10-16,-0.624,31-10-16,-0.599,31-10-16,-0.504,31-10-16,-0.397,31-10-16,-0.315,31-10-16,-0.222,31-10-16,-0.094,31-10-16,0.047,31-10-16,0.18,31-10-16,0.476,31-10-16,0.663
30-11-16,-0.825,30-11-16,-0.74,30-11-16,-0.698,30-11-16,-0.566,30-11-16,-0.411,30-11-16,-0.273,30-11-16,-0.129,30-11-16,0.009,30-11-16,0.167,30-11-16,0.307,30-11-16,0.685,30-11-16,0.842
30-12-16,-0.859,30-12-16,-0.806,30-12-16,-0.766,30-12-16,-0.652,30-12-16,-0.502,30-12-16,-0.345,30-12-16,-0.209,30-12-16,-0.067,30-12-16,0.096,30-12-16,0.248,30-12-16,0.638,30-12-16,0.815
31-01-17,-0.699,31-01-17,-0.712,31-01-17,-0.651,31-01-17,-0.505,31-01-17,-0.341,31-01-17,-0.176,31-01-17,-0.038,31-01-17,0.106,31-01-17,0.274,31-01-17,0.433,31-01-17,0.843,31-01-17,1.029
28-02-17,-0.916,28-02-17,-0.891,28-02-17,-0.828,28-02-17,-0.726,28-02-17,-0.589,28-02-17,-0.426,28-02-17,-0.282,28-02-17,-0.13,28-02-17,0.042,28-02-17,0.216,28-02-17,0.644,28-02-17,0.862
31-03-17,-0.765,31-03-17,-0.748,31-03-17,-0.669,31-03-17,-0.547,31-03-17,-0.39,31-03-17,-0.257,31-03-17,-0.118,31-03-17,0.03,31-03-17,0.187,31-03-17,0.344,31-03-17,0.756,31-03-17,0.969
28-04-17,-0.768,28-04-17,-0.735,28-04-17,-0.68,28-04-17,-0.54,28-04-17,-0.382,28-04-17,-0.232,28-04-17,-0.102,28-04-17,0.035,28-04-17,0.187,28-04-17,0.342,28-04-17,0.738,28-04-17,0.952
31-05-17,-0.783,31-05-17,-0.727,31-05-17,-0.68,31-05-17,-0.555,31-05-17,-0.409,31-05-17,-0.253,31-05-17,-0.115,31-05-17,0.033,31-05-17,0.191,31-05-17,0.346,31-05-17,0.792,31-05-17,1.012
30-06-17,-0.682,30-06-17,-0.58,30-06-17,-0.496,30-06-17,-0.347,30-06-17,-0.192,30-06-17,-0.053,30-06-17,0.075,30-06-17,0.221,30-06-17,0.373,30-06-17,0.518,30-06-17,0.942,30-06-17,1.125
31-07-17,-0.696,31-07-17,-0.668,31-07-17,-0.556,31-07-17,-0.389,31-07-17,-0.211,31-07-17,-0.053,31-07-17,0.083,31-07-17,0.24,31-07-17,0.394,31-07-17,0.546,31-07-17,0.979,31-07-17,1.175
31-08-17,-0.759,31-08-17,-0.736,31-08-17,-0.657,31-08-17,-0.521,31-08-17,-0.36,31-08-17,-0.224,31-08-17,-0.091,31-08-17,0.058,31-08-17,0.212,31-08-17,0.375,31-08-17,0.771,31-08-17,0.978
29-09-17,-0.741,29-09-17,-0.694,29-09-17,-0.603,29-09-17,-0.453,29-09-17,-0.274,29-09-17,-0.117,29-09-17,0.018,29-09-17,0.165,29-09-17,0.325,29-09-17,0.488,29-09-17,0.911,29-09-17,1.12
31-10-17,-0.773,31-10-17,-0.741,31-10-17,-0.654,31-10-17,-0.508,31-10-17,-0.34,31-10-17,-0.186,31-10-17,-0.054,31-10-17,0.086,31-10-17,0.241,31-10-17,0.403,31-10-17,0.848,31-10-17,1.055
30-11-17,-0.745,30-11-17,-0.692,30-11-17,-0.596,30-11-17,-0.447,30-11-17,-0.285,30-11-17,-0.136,30-11-17,-0.006,30-11-17,0.12,30-11-17,0.262,30-11-17,0.414,30-11-17,0.831,30-11-17,1.028
29-12-17,-0.69,29-12-17,-0.637,29-12-17,-0.512,29-12-17,-0.342,29-12-17,-0.172,29-12-17,-0.035,29-12-17,0.086,29-12-17,0.203,29-12-17,0.338,29-12-17,0.48,29-12-17,0.893,29-12-17,1.095
31-01-18,-0.606,31-01-18,-0.499,31-01-18,-0.322,31-01-18,-0.125,31-01-18,0.069,31-01-18,0.217,31-01-18,0.346,31-01-18,0.454,31-01-18,0.572,31-01-18,0.698,31-01-18,1.045,31-01-18,1.189
28-02-18,-0.684,28-02-18,-0.551,28-02-18,-0.393,28-02-18,-0.2,28-02-18,0,28-02-18,0.177,28-02-18,0.303,28-02-18,0.428,28-02-18,0.545,28-02-18,0.666,28-02-18,1.03,28-02-18,1.193
30-03-18,-0.691,30-03-18,-0.606,30-03-18,-0.47,30-03-18,-0.298,30-03-18,-0.114,30-03-18,0.035,30-03-18,0.155,30-03-18,0.272,30-03-18,0.39,30-03-18,0.515,30-03-18,0.87,30-03-18,1.044
30-04-18,-0.646,30-04-18,-0.567,30-04-18,-0.429,30-04-18,-0.245,30-04-18,-0.053,30-04-18,0.097,30-04-18,0.217,30-04-18,0.338,30-04-18,0.457,30-04-18,0.587,30-04-18,0.936,30-04-18,1.111
31-05-18,-0.675,31-05-18,-0.667,31-05-18,-0.571,31-05-18,-0.424,31-05-18,-0.252,31-05-18,-0.106,31-05-18,0.014,31-05-18,0.134,31-05-18,0.255,31-05-18,0.376,31-05-18,0.717,31-05-18,0.89
29-06-18,-0.675,29-06-18,-0.671,29-06-18,-0.571,29-06-18,-0.431,29-06-18,-0.275,29-06-18,-0.139,29-06-18,-0.015,29-06-18,0.105,29-06-18,0.23,29-06-18,0.344,29-06-18,0.692,29-06-18,0.88
31-07-18,-0.642,31-07-18,-0.559,31-07-18,-0.456,31-07-18,-0.318,31-07-18,-0.157,31-07-18,-0.041,31-07-18,0.077,31-07-18,0.195,31-07-18,0.321,31-07-18,0.44,31-07-18,0.783,31-07-18,0.953
31-08-18,-0.656,31-08-18,-0.612,31-08-18,-0.521,31-08-18,-0.393,31-08-18,-0.248,31-08-18,-0.137,31-08-18,-0.021,31-08-18,0.099,31-08-18,0.219,31-08-18,0.333,31-08-18,0.683,31-08-18,0.862
28-09-18,-0.619,28-09-18,-0.524,28-09-18,-0.418,28-09-18,-0.26,28-09-18,-0.1,28-09-18,0.033,28-09-18,0.145,28-09-18,0.254,28-09-18,0.372,28-09-18,0.483,28-09-18,0.795,28-09-18,0.959
31-10-18,-0.68,31-10-18,-0.603,31-10-18,-0.502,31-10-18,-0.347,31-10-18,-0.188,31-10-18,-0.058,31-10-18,0.056,31-10-18,0.175,31-10-18,0.296,31-10-18,0.408,31-10-18,0.737,31-10-18,0.906
30-11-18,-0.659,30-11-18,-0.602,30-11-18,-0.519,30-11-18,-0.392,30-11-18,-0.257,30-11-18,-0.135,30-11-18,-0.017,30-11-18,0.102,30-11-18,0.227,30-11-18,0.346,30-11-18,0.687,30-11-18,0.876
31-12-18,-0.65,31-12-18,-0.621,31-12-18,-0.55,31-12-18,-0.423,31-12-18,-0.293,31-12-18,-0.176,31-12-18,-0.067,31-12-18,0.045,31-12-18,0.164,31-12-18,0.279,31-12-18,0.591,31-12-18,0.768
31-01-19,-0.549,31-01-19,-0.56,31-01-19,-0.516,31-01-19,-0.438,31-01-19,-0.335,31-01-19,-0.255,31-01-19,-0.161,31-01-19,-0.067,31-01-19,0.037,31-01-19,0.148,31-01-19,0.45,31-01-19,0.631
28-02-19,-0.556,28-02-19,-0.527,28-02-19,-0.478,28-02-19,-0.393,28-02-19,-0.288,28-02-19,-0.216,28-02-19,-0.124,28-02-19,-0.029,28-02-19,0.082,28-02-19,0.189,28-02-19,0.505,28-02-19,0.701
29-03-19,-0.585,29-03-19,-0.613,29-03-19,-0.606,29-03-19,-0.548,29-03-19,-0.454,29-03-19,-0.406,29-03-19,-0.331,29-03-19,-0.249,29-03-19,-0.155,29-03-19,-0.058,29-03-19,0.235,29-03-19,0.449
30-04-19,-0.57,30-04-19,-0.59,30-04-19,-0.569,30-04-19,-0.51,30-04-19,-0.412,30-04-19,-0.348,30-04-19,-0.262,30-04-19,-0.172,30-04-19,-0.067,30-04-19,0.034,30-04-19,0.332,30-04-19,0.544
31-05-19,-0.628,31-05-19,-0.676,31-05-19,-0.683,31-05-19,-0.647,31-05-19,-0.575,31-05-19,-0.522,31-05-19,-0.447,31-05-19,-0.365,31-05-19,-0.273,31-05-19,-0.177,31-05-19,0.107,31-05-19,0.315
28-06-19,-0.69,28-06-19,-0.76,28-06-19,-0.761,28-06-19,-0.719,28-06-19,-0.657,28-06-19,-0.607,28-06-19,-0.544,28-06-19,-0.469,28-06-19,-0.383,28-06-19,-0.3,28-06-19,-0.055,28-06-19,0.139
31-07-19,-0.729,31-07-19,-0.791,31-07-19,-0.82,31-07-19,-0.797,31-07-19,-0.732,31-07-19,-0.709,31-07-19,-0.663,31-07-19,-0.597,31-07-19,-0.523,31-07-19,-0.445,31-07-19,-0.195,31-07-19,-0.017
30-08-19,-0.862,30-08-19,-0.935,30-08-19,-0.963,30-08-19,-0.967,30-08-19,-0.934,30-08-19,-0.916,30-08-19,-0.888,30-08-19,-0.831,30-08-19,-0.768,30-08-19,-0.707,30-08-19,-0.496,30-08-19,-0.338
30-09-19,-0.711,30-09-19,-0.779,30-09-19,-0.819,30-09-19,-0.82,30-09-19,-0.778,30-09-19,-0.768,30-09-19,-0.736,30-09-19,-0.688,30-09-19,-0.625,30-09-19,-0.568,30-09-19,-0.4,30-09-19,-0.238
31-10-19,-0.656,31-10-19,-0.675,31-10-19,-0.701,31-10-19,-0.681,31-10-19,-0.628,31-10-19,-0.606,31-10-19,-0.571,31-10-19,-0.526,31-10-19,-0.462,31-10-19,-0.397,31-10-19,-0.212,31-10-19,-0.049
29-11-19,-0.633,29-11-19,-0.635,29-11-19,-0.656,29-11-19,-0.635,29-11-19,-0.582,29-11-19,-0.556,29-11-19,-0.52,29-11-19,-0.474,29-11-19,-0.41,29-11-19,-0.346,29-11-19,-0.161,29-11-19,-0.01
31-12-19,-0.65,31-12-19,-0.611,31-12-19,-0.582,31-12-19,-0.533,31-12-19,-0.468,31-12-19,-0.422,31-12-19,-0.37,31-12-19,-0.311,31-12-19,-0.236,31-12-19,-0.166,31-12-19,0.026,31-12-19,0.189
31-01-20,-0.634,31-01-20,-0.682,31-01-20,-0.703,31-01-20,-0.691,31-01-20,-0.655,31-01-20,-0.639,31-01-20,-0.598,31-01-20,-0.562,31-01-20,-0.502,31-01-20,-0.446,31-01-20,-0.247,31-01-20,-0.082
28-02-20,-0.741,28-02-20,-0.782,28-02-20,-0.8,28-02-20,-0.795,28-02-20,-0.782,28-02-20,-0.774,28-02-20,-0.738,28-02-20,-0.702,28-02-20,-0.663,28-02-20,-0.613,28-02-20,-0.439,28-02-20,-0.29
31-03-20,-0.704,31-03-20,-0.705,31-03-20,-0.717,31-03-20,-0.688,31-03-20,-0.661,31-03-20,-0.64,31-03-20,-0.613,31-03-20,-0.576,31-03-20,-0.521,31-03-20,-0.467,31-03-20,-0.271,31-03-20,-0.109
30-04-20,-0.587,30-04-20,-0.778,30-04-20,-0.79,30-04-20,-0.784,30-04-20,-0.77,30-04-20,-0.761,30-04-20,-0.728,30-04-20,-0.684,30-04-20,-0.637,30-04-20,-0.581,30-04-20,-0.431,30-04-20,-0.307
29-05-20,-0.608,29-05-20,-0.665,29-05-20,-0.674,29-05-20,-0.664,29-05-20,-0.646,29-05-20,-0.628,29-05-20,-0.589,29-05-20,-0.542,29-05-20,-0.492,29-05-20,-0.433,29-05-20,-0.23,29-05-20,-0.101
30-06-20,-0.601,30-06-20,-0.701,30-06-20,-0.721,30-06-20,-0.713,30-06-20,-0.698,30-06-20,-0.683,30-06-20,-0.625,30-06-20,-0.592,30-06-20,-0.533,30-06-20,-0.466,30-06-20,-0.249,30-06-20,-0.119
31-07-20,-0.591,31-07-20,-0.728,31-07-20,-0.763,31-07-20,-0.752,31-07-20,-0.734,31-07-20,-0.732,31-07-20,-0.674,31-07-20,-0.652,31-07-20,-0.596,31-07-20,-0.535,31-07-20,-0.331,31-07-20,-0.242
31-08-20,-0.586,31-08-20,-0.661,31-08-20,-0.685,31-08-20,-0.665,31-08-20,-0.636,31-08-20,-0.619,31-08-20,-0.557,31-08-20,-0.529,31-08-20,-0.466,31-08-20,-0.396,31-08-20,-0.173,31-08-20,-0.069
30-09-20,-0.623,30-09-20,-0.711,30-09-20,-0.751,30-09-20,-0.732,30-09-20,-0.716,30-09-20,-0.707,30-09-20,-0.659,30-09-20,-0.63,30-09-20,-0.576,30-09-20,-0.516,30-09-20,-0.318,30-09-20,-0.242
30-10-20,-0.738,30-10-20,-0.807,30-10-20,-0.844,30-10-20,-0.835,30-10-20,-0.823,30-10-20,-0.807,30-10-20,-0.759,30-10-20,-0.733,30-10-20,-0.678,30-10-20,-0.617,30-10-20,-0.433,30-10-20,-0.361
30-11-20,-0.691,30-11-20,-0.749,30-11-20,-0.782,30-11-20,-0.766,30-11-20,-0.758,30-11-20,-0.736,30-11-20,-0.694,30-11-20,-0.669,30-11-20,-0.621,30-11-20,-0.556,30-11-20,-0.371,30-11-20,-0.306
31-12-20,-0.736,31-12-20,-0.724,31-12-20,-0.769,31-12-20,-0.756,31-12-20,-0.744,31-12-20,-0.727,31-12-20,-0.693,31-12-20,-0.661,31-12-20,-0.609,31-12-20,-0.555,31-12-20,-0.383,31-12-20,-0.324
29-01-21,-0.678,29-01-21,-0.741,29-01-21,-0.772,29-01-21,-0.766,29-01-21,-0.741,29-01-21,-0.731,29-01-21,-0.693,29-01-21,-0.641,29-01-21,-0.582,29-01-21,-0.523,29-01-21,-0.327,29-01-21,-0.23
26-02-21,-0.623,26-02-21,-0.667,26-02-21,-0.665,26-02-21,-0.626,26-02-21,-0.575,26-02-21,-0.531,26-02-21,-0.47,26-02-21,-0.4,26-02-21,-0.331,26-02-21,-0.259,26-02-21,-0.046,26-02-21,0.051
31-03-21,-0.682,31-03-21,-0.703,31-03-21,-0.725,31-03-21,-0.69,31-03-21,-0.639,31-03-21,-0.587,31-03-21,-0.519,31-03-21,-0.447,31-03-21,-0.367,31-03-21,-0.29,31-03-21,-0.008,31-03-21,0.089
30-04-21,-0.654,30-04-21,-0.689,30-04-21,-0.687,30-04-21,-0.644,30-04-21,-0.574,30-04-21,-0.495,30-04-21,-0.416,30-04-21,-0.355,30-04-21,-0.271,30-04-21,-0.186,30-04-21,0.085,30-04-21,0.19
31-05-21,-0.659,31-05-21,-0.67,31-05-21,-0.671,31-05-21,-0.626,31-05-21,-0.556,31-05-21,-0.478,31-05-21,-0.398,31-05-21,-0.339,31-05-21,-0.252,31-05-21,-0.162,31-05-21,0.114,31-05-21,0.201
30-06-21,-0.651,30-06-21,-0.669,30-06-21,-0.672,30-06-21,-0.635,30-06-21,-0.571,30-06-21,-0.501,30-06-21,-0.43,30-06-21,-0.372,30-06-21,-0.309,30-06-21,-0.22,30-06-21,0.051,30-06-21,0.119
30-07-21,-0.687,30-07-21,-0.776,30-07-21,-0.817,30-07-21,-0.811,30-07-21,-0.757,30-07-21,-0.715,30-07-21,-0.654,30-07-21,-0.611,30-07-21,-0.548,30-07-21,-0.466,30-07-21,-0.197,30-07-21,-0.153
31-08-21,-0.696,31-08-21,-0.726,31-08-21,-0.75,31-08-21,-0.739,31-08-21,-0.687,31-08-21,-0.643,31-08-21,-0.58,31-08-21,-0.533,31-08-21,-0.467,31-08-21,-0.383,31-08-21,-0.143,31-08-21,-0.089
30-09-21,-0.699,30-09-21,-0.698,30-09-21,-0.704,30-09-21,-0.644,30-09-21,-0.562,30-09-21,-0.487,30-09-21,-0.408,30-09-21,-0.352,30-09-21,-0.278,30-09-21,-0.191,30-09-21,0.061,30-09-21,0.112
29-10-21,-0.695,29-10-21,-0.585,29-10-21,-0.546,29-10-21,-0.465,29-10-21,-0.39,29-10-21,-0.338,29-10-21,-0.267,29-10-21,-0.223,29-10-21,-0.165,29-10-21,-0.1,29-10-21,0.011,29-10-21,-0.024
30-11-21,-0.819,30-11-21,-0.758,30-11-21,-0.75,30-11-21,-0.694,30-11-21,-0.62,30-11-21,-0.576,30-11-21,-0.515,30-11-21,-0.479,30-11-21,-0.418,30-11-21,-0.337,30-11-21,-0.188,30-11-21,-0.232
31-12-21,-0.677,31-12-21,-0.64,31-12-21,-0.632,31-12-21,-0.532,31-12-21,-0.452,31-12-21,-0.409,31-12-21,-0.359,31-12-21,-0.3,31-12-21,-0.231,31-12-21,-0.16,31-12-21,0.011,31-12-21,0.008
31-01-22,-0.685,31-01-22,-0.526,31-01-22,-0.448,31-01-22,-0.347,31-01-22,-0.249,31-01-22,-0.213,31-01-22,-0.167,31-01-22,-0.127,31-01-22,-0.065,31-01-22,0.006,31-01-22,0.139,31-01-22,0.105
28-02-22,-0.692,28-02-22,-0.546,28-02-22,-0.405,28-02-22,-0.286,28-02-22,-0.176,28-02-22,-0.115,28-02-22,-0.058,28-02-22,-0.009,28-02-22,0.061,28-02-22,0.133,28-02-22,0.271,28-02-22,0.27
31-03-22,-0.454,31-03-22,-0.068,31-03-22,0.127,31-03-22,0.259,31-03-22,0.359,31-03-22,0.398,31-03-22,0.423,31-03-22,0.443,31-03-22,0.482,31-03-22,0.546,31-03-22,0.629,31-03-22,0.592
29-04-22,-0.23,29-04-22,0.281,29-04-22,0.461,29-04-22,0.575,29-04-22,0.671,29-04-22,0.736,29-04-22,0.777,29-04-22,0.821,29-04-22,0.872,29-04-22,0.94,29-04-22,1.103,29-04-22,1.035
31-05-22,0.045,31-05-22,0.48,31-05-22,0.599,31-05-22,0.72,31-05-22,0.835,31-05-22,0.893,31-05-22,0.936,31-05-22,0.991,31-05-22,1.057,31-05-22,1.13,31-05-22,1.335,31-05-22,1.357
30-06-22,0.387,30-06-22,0.632,30-06-22,0.785,30-06-22,0.911,30-06-22,1.025,30-06-22,1.078,30-06-22,1.129,30-06-22,1.192,30-06-22,1.27,30-06-22,1.347,30-06-22,1.573,30-06-22,1.622
29-07-22,0.318,29-07-22,0.261,29-07-22,0.278,29-07-22,0.389,29-07-22,0.504,29-07-22,0.548,29-07-22,0.578,29-07-22,0.643,29-07-22,0.699,29-07-22,0.824,29-07-22,1.035,29-07-22,1.054
31-08-22,0.648,31-08-22,1.165,31-08-22,1.158,31-08-22,1.277,31-08-22,1.362,31-08-22,1.358,31-08-22,1.355,31-08-22,1.39,31-08-22,1.431,31-08-22,1.538,31-08-22,1.661,31-08-22,1.61
30-09-22,1.67,30-09-22,1.721,30-09-22,1.724,30-09-22,1.853,30-09-22,1.928,30-09-22,1.936,30-09-22,1.96,30-09-22,1.975,30-09-22,2.019,30-09-22,2.098,30-09-22,2.212,30-09-22,2.148
31-10-22,2.038,31-10-22,1.898,31-10-22,1.866,31-10-22,1.966,31-10-22,1.977,31-10-22,1.952,31-10-22,2.065,31-10-22,2.016,31-10-22,2.064,31-10-22,2.133,31-10-22,2.292,31-10-22,2.296
30-11-22,2.145,30-11-22,2.084,30-11-22,1.946,30-11-22,1.941,30-11-22,1.901,30-11-22,1.863,30-11-22,1.882,30-11-22,1.856,30-11-22,1.878,30-11-22,1.912,30-11-22,1.979,30-11-22,1.902
30-12-22,2.565,30-12-22,2.658,30-12-22,2.511,30-12-22,2.53,30-12-22,2.51,30-12-22,2.469,30-12-22,2.488,30-12-22,2.462,30-12-22,2.487,30-12-22,2.536,30-12-22,2.619,30-12-22,2.543
31-01-23,2.731,31-01-23,2.562,31-01-23,2.372,31-01-23,2.309,31-01-23,2.273,31-01-23,2.211,31-01-23,2.214,31-01-23,2.178,31-01-23,2.2,31-01-23,2.252,31-01-23,2.336,31-01-23,2.275
28-02-23,3.159,28-02-23,3.07,28-02-23,2.869,28-02-23,2.763,28-02-23,2.675,28-02-23,2.637,28-02-23,2.607,28-02-23,2.572,28-02-23,2.571,28-02-23,2.605,28-02-23,2.709,28-02-23,2.638
31-03-23,2.946,31-03-23,2.616,31-03-23,2.42,31-03-23,2.317,31-03-23,2.27,31-03-23,2.235,31-03-23,2.226,31-03-23,2.196,31-03-23,2.212,31-03-23,2.263,31-03-23,2.409,31-03-23,2.384
28-04-23,3.037,28-04-23,2.655,28-04-23,2.431,28-04-23,2.319,28-04-23,2.261,28-04-23,2.248,28-04-23,2.234,28-04-23,2.212,28-04-23,2.237,28-04-23,2.288,28-04-23,2.445,28-04-23,2.429
31-05-23,3.109,31-05-23,2.669,31-05-23,2.429,31-05-23,2.299,31-05-23,2.221,31-05-23,2.203,31-05-23,2.194,31-05-23,2.177,31-05-23,2.2,31-05-23,2.266,31-05-23,2.456,31-05-23,2.462
30-06-23,3.523,30-06-23,3.106,30-06-23,2.82,30-06-23,2.632,30-06-23,2.521,30-06-23,2.43,30-06-23,2.379,30-06-23,2.335,30-06-23,2.331,30-06-23,2.357,30-06-23,2.454,30-06-23,2.417
31-07-23,3.533,31-07-23,3.006,31-07-23,2.746,31-07-23,2.579,31-07-23,2.496,31-07-23,2.449,31-07-23,2.435,31-07-23,2.386,31-07-23,2.398,31-07-23,2.448,31-07-23,2.598,31-07-23,2.581
31-08-23,3.472,31-08-23,2.926,31-08-23,2.664,31-08-23,2.495,31-08-23,2.431,31-08-23,2.398,31-08-23,2.395,31-08-23,2.352,31-08-23,2.373,31-08-23,2.429,31-08-23,2.581,31-08-23,2.587
29-09-23,3.591,29-09-23,3.128,29-09-23,2.885,29-09-23,2.759,29-09-23,2.713,29-09-23,2.714,29-09-23,2.726,29-09-23,2.711,29-09-23,2.75,29-09-23,2.805,29-09-23,2.978,29-09-23,3.011
31-10-23,3.561,31-10-23,2.983,31-10-23,2.735,31-10-23,2.62,31-10-23,2.599,31-10-23,2.603,31-10-23,2.642,31-10-23,2.653,31-10-23,2.713,31-10-23,2.789,31-10-23,3.021,31-10-23,3.074
30-11-23,3.36,30-11-23,2.773,30-11-23,2.496,30-11-23,2.359,30-11-23,2.328,30-11-23,2.306,30-11-23,2.328,30-11-23,2.323,30-11-23,2.373,30-11-23,2.438,30-11-23,2.652,30-11-23,2.703
29-12-23,2.986,29-12-23,2.336,29-12-23,2.047,29-12-23,1.919,29-12-23,1.905,29-12-23,1.899,29-12-23,1.905,29-12-23,1.915,29-12-23,1.969,29-12-23,2.028,29-12-23,2.231,29-12-23,2.29
31-01-24,3.08,31-01-24,2.411,31-01-24,2.155,31-01-24,2.053,31-01-24,2.013,31-01-24,2.014,31-01-24,2.023,31-01-24,2.03,31-01-24,2.069,31-01-24,2.141,31-01-24,2.363,31-01-24,2.424
29-02-24,3.384,29-02-24,2.867,29-02-24,2.595,29-02-24,2.465,29-02-24,2.394,29-02-24,2.35,29-02-24,2.329,29-02-24,2.309,29-02-24,2.333,29-02-24,2.376,29-02-24,2.533,29-02-24,2.555
29-03-24,3.295,29-03-24,2.788,29-03-24,2.48,29-03-24,2.347,29-03-24,2.28,29-03-24,2.24,29-03-24,2.217,29-03-24,2.204,29-03-24,2.225,29-03-24,2.268,29-03-24,2.427,29-03-24,2.469
30-04-24,3.392,30-04-24,3.002,30-04-24,2.742,30-04-24,2.624,30-04-24,2.565,30-04-24,2.531,30-04-24,2.508,30-04-24,2.494,30-04-24,2.512,30-04-24,2.553,30-04-24,2.687,30-04-24,2.718
31-05-24,3.375,31-05-24,3.039,31-05-24,2.796,31-05-24,2.687,31-05-24,2.635,31-05-24,2.607,31-05-24,2.582,31-05-24,2.56,31-05-24,2.576,31-05-24,2.617,31-05-24,2.77,31-05-24,2.81
28-06-24,3.157,28-06-24,2.772,28-06-24,2.55,28-06-24,2.471,28-06-24,2.424,28-06-24,2.412,28-06-24,2.39,28-06-24,2.385,28-06-24,2.423,28-06-24,2.473,28-06-24,2.649,28-06-24,2.696
31-07-24,2.952,31-07-24,2.516,31-07-24,2.28,31-07-24,2.223,31-07-24,2.2,31-07-24,2.132,31-07-24,2.14,31-07-24,2.162,31-07-24,2.215,31-07-24,2.278,31-07-24,2.464,31-07-24,2.528
30-08-24,2.792,30-08-24,2.36,30-08-24,2.16,30-08-24,2.16,30-08-24,2.154,30-08-24,2.104,30-08-24,2.114,30-08-24,2.16,30-08-24,2.203,30-08-24,2.276,30-08-24,2.495,30-08-24,2.573
30-09-24,2.435,30-09-24,2.029,30-09-24,1.863,30-09-24,1.896,30-09-24,1.922,30-09-24,1.878,30-09-24,1.919,30-09-24,1.97,30-09-24,2.051,30-09-24,2.126,30-09-24,2.377,30-09-24,2.483
31-10-24,2.418,31-10-24,2.25,31-10-24,2.139,31-10-24,2.186,31-10-24,2.226,31-10-24,2.176,31-10-24,2.21,31-10-24,2.266,31-10-24,2.332,31-10-24,2.385,31-10-24,2.591,31-10-24,2.605
29-11-24,2.222,29-11-24,1.933,29-11-24,1.828,29-11-24,1.872,29-11-24,1.893,29-11-24,1.852,29-11-24,1.907,29-11-24,1.97,29-11-24,2.043,29-11-24,2.099,29-11-24,2.302,29-11-24,2.312
31-12-24,2.189,31-12-24,2.045,31-12-24,1.982,31-12-24,2.07,31-12-24,2.112,31-12-24,2.087,31-12-24,2.152,31-12-24,2.242,31-12-24,2.323,31-12-24,2.378,31-12-24,2.577,31-12-24,2.578
31-01-25,2.13,31-01-25,2.093,31-01-25,2.094,31-01-25,2.147,31-01-25,2.203,31-01-25,2.175,31-01-25,2.239,31-01-25,2.323,31-01-25,2.386,31-01-25,2.447,31-01-25,2.685,31-01-25,2.701
28-02-25,2.013,28-02-25,2.003,28-02-25,1.983,28-02-25,2.059,28-02-25,2.123,28-02-25,2.113,28-02-25,2.194,28-02-25,2.275,28-02-25,2.344,28-02-25,2.403,28-02-25,2.642,28-02-25,2.668
31-03-25,2.002,31-03-25,1.99,31-03-25,2.092,31-03-25,2.208,31-03-25,2.306,31-03-25,2.361,31-03-25,2.475,31-03-25,2.583,31-03-25,2.669,31-03-25,2.742,31-03-25,3.006,31-03-25,3.051
